Persona,Keyword / phrase,Type,Intent,Strategic priority,Target page / asset,MSV (pull in SEMrush),KD (pull in SEMrush)
Industrial / IoT Design Engineer,industrial ASIC design,Head,Commercial,High (gap),/market-expertise (Industrial pillar — NEW),,
Industrial / IoT Design Engineer,mixed-signal ASIC design,Head,Commercial,High,/ic-design-expertise,,
Industrial / IoT Design Engineer,analog ASIC design / analog IC design services,Head,Commercial,High (gap),Analog ASIC page (NEW),,
Industrial / IoT Design Engineer,sensor interface ASIC / signal-conditioning IC,Long-tail,Commercial,High,Sensor-interface capability page (NEW),,
Industrial / IoT Design Engineer,custom PMIC / power-management ASIC,Long-tail,Commercial,High (gap),Power ASIC page (NEW),,
Industrial / IoT Design Engineer,high-voltage gate-driver ASIC,Long-tail,Commercial,High (gap),High-voltage page,,
Industrial / IoT Design Engineer,sigma-delta / SAR / flash ADC ASIC,Long-tail,Commercial,Medium,Data-converter capability page (NEW),,
Industrial / IoT Design Engineer,MEMS readout / interface ASIC,Long-tail,Commercial,Medium,MEMS-interface page (NEW),,
Industrial / IoT Design Engineer,smart-metering ASIC / energy IC,Long-tail,Commercial,Medium,Industrial vertical page,,
Industrial / IoT Design Engineer,RF / wireless ASIC design,Long-tail,Commercial,Medium,RF/wireless capability page,,
Industrial / IoT Design Engineer,mixed-signal IC consolidation (discrete → ASIC),Long-tail,Informational,High,Blog cluster + Industrial page,,
Medical-Device R&D Lead,medical device ASIC design / medical ASIC,Head,Commercial,High (gap),/market-expertise (Medical pillar — NEW),,
Medical-Device R&D Lead,ultra-low-power ASIC / nanoamp IC design,Head,Commercial,High,Ultra-low-power capability page (NEW),,
Medical-Device R&D Lead,implantable ASIC design,Long-tail,Commercial,High,Medical vertical page,,
Medical-Device R&D Lead,wearable medical ASIC,Long-tail,Commercial,High,Medical vertical page,,
Medical-Device R&D Lead,biosensor / diagnostic interface ASIC,Long-tail,Commercial,Medium,Medical vertical page,,
Medical-Device R&D Lead,energy-harvesting ASIC (battery-free / long-life),Long-tail,Commercial,Medium,Low-power capability page,,
Medical-Device R&D Lead,low-power sensor ASIC for medical,Long-tail,Commercial,Medium,Sensor-interface page,,
Medical-Device R&D Lead,long-life medical IC supply / lifecycle support,Long-tail,Informational,Medium,Blog + Medical page,,
Aerospace & Defense / Hi-Rel Program Engineer,aerospace ASIC design / defense ASIC,Head,Commercial,High (gap),/market-expertise (A&D pillar — NEW),,
Aerospace & Defense / Hi-Rel Program Engineer,hi-rel ASIC / high-reliability IC,Head,Commercial,High,A&D vertical page,,
Aerospace & Defense / Hi-Rel Program Engineer,radiation-hardened (rad-hard) ASIC design,Long-tail,Commercial,High (gap),Rad-hard page (NEW),,
Aerospace & Defense / Hi-Rel Program Engineer,high-voltage ASIC for defense,Long-tail,Commercial,Medium,High-voltage page,,
Aerospace & Defense / Hi-Rel Program Engineer,phased-array ASIC,Long-tail,Commercial,Medium,A&D vertical page,,
Aerospace & Defense / Hi-Rel Program Engineer,downhole / extreme-environment ASIC,Long-tail,Commercial,Medium,A&D / Industrial page,,
Aerospace & Defense / Hi-Rel Program Engineer,trusted US ASIC supplier / US-based ASIC design,Long-tail,Commercial,High,About + A&D page,,
Aerospace & Defense / Hi-Rel Program Engineer,ruggedized mixed-signal ASIC,Long-tail,Commercial,Medium,A&D vertical page,,
Obsolescence / Sustaining-Engineering Manager,obsolete IC replacement / IC obsolescence solution,Head,Commercial,Flagship,/blog obsolescence pillar (exists — expand),,
Obsolescence / Sustaining-Engineering Manager,drop-in IC / ASIC replacement,Head,Commercial,Flagship,Obsolescence hub (NEW),,
Obsolescence / Sustaining-Engineering Manager,form-fit-function ASIC replacement,Long-tail,Commercial,High,Obsolescence hub,,
Obsolescence / Sustaining-Engineering Manager,DMSMS / diminishing manufacturing sources,Long-tail,Informational,High,Obsolescence blog cluster,,
Obsolescence / Sustaining-Engineering Manager,last-time-buy alternative / EOL chip replacement,Long-tail,Commercial,High,Obsolescence hub,,
Obsolescence / Sustaining-Engineering Manager,obsolete analog IC replacement,Long-tail,Commercial,High,Obsolescence hub,,
Obsolescence / Sustaining-Engineering Manager,recreate / reverse-engineer an obsolete IC,Long-tail,Informational,Medium,Obsolescence blog cluster,,
Obsolescence / Sustaining-Engineering Manager,legacy IC continuity / long-lifecycle supply,Long-tail,Informational,Medium,Obsolescence + Lifecycle page,,
Cross-cutting (all personas),custom ASIC design,Head,Commercial,Core — defend,Homepage (ranks now),,
Cross-cutting (all personas),turnkey ASIC design & manufacturing,Head,Commercial,Core — defend,/turnkey-asics (ranks now),,
Cross-cutting (all personas),ASIC design services / ASIC manufacturing services,Head,Commercial,High (gap),/turnkey-asics + services copy,,
Cross-cutting (all personas),fabless ASIC partner / fab-agnostic ASIC,Long-tail,Commercial,Medium,Homepage + About,,
Cross-cutting (all personas),ASIC design flow (concept → production),Long-tail,Informational,High (gap),Design-flow page (NEW),,
Cross-cutting (all personas),ASIC packaging,Long-tail,Commercial,Medium (gap),Turnkey sub-section / page (NEW),,
Cross-cutting (all personas),ASIC test / production test,Long-tail,Commercial,Medium (gap),Test capability page (NEW),,
Cross-cutting (all personas),ASIC process nodes / node selection,Long-tail,Informational,Medium (gap),Design-flow / blog,,
Cross-cutting (all personas),ASIC vs FPGA,Long-tail,Informational,High (citable),Decision-stage blog,,
Cross-cutting (all personas),ASIC NRE cost / ASIC development cost,Long-tail,Informational,High (citable),Decision-stage blog,,
Cross-cutting (all personas),when to move to a custom ASIC,Long-tail,Informational,High (citable),Decision-stage blog,,
Cross-cutting (all personas),custom ASIC design company / ASIC design company Orange County,Long-tail,Commercial,Medium,Homepage + About (entity),,