Week,Suggested publish date,Quarter/Theme,Working title,Persona,Content pillar,Primary keyword,Secondary keyword theme,Funnel stage,Content type,Target page / internal link
1,2026-07-06,Q1 — Foundation,ASIC vs. FPGA: When Does Custom Silicon Actually Win?,All,Education,asic vs fpga,ASIC design flow / vs FPGA / NRE,TOFU,Education,Decision blog → /turnkey-asics
2,2026-07-13,Q1 — Foundation,When to Move From Discrete Parts to a Custom ASIC,Ind,Education,when to move to a custom asic,mixed-signal/sensor/PMIC long-tail,TOFU,Education,Decision blog → Industrial pillar
3,2026-07-20,Q1 — Foundation,"What an ASIC Really Costs: NRE, Masks, and Unit Economics",All,Education,asic nre cost,ASIC design flow / vs FPGA / NRE,MOFU,Education,Decision blog
4,2026-07-27,Q1 — Foundation,"Custom ASIC vs. Off-the-Shelf IC: BOM, Size, Power & IP",Ind,Education,custom asic vs standard ic,mixed-signal/sensor/PMIC long-tail,TOFU,Education,Decision blog
5,2026-08-03,Q1 — Foundation,A Practical Guide to the Custom ASIC Design Flow,All,Process,asic design flow,ASIC design flow / vs FPGA / NRE,MOFU,Process,Design-flow page (NEW)
6,2026-08-10,Q1 — Foundation,Mixed-Signal ASIC Design: Analog + Digital on One Chip,Ind,Capability,mixed-signal asic design,mixed-signal/sensor/PMIC long-tail,MOFU,Capability,/ic-design-expertise
7,2026-08-17,Q1 — Foundation,Analog ASIC Design Services: What to Look For in a Partner,Ind,Capability,analog asic design,mixed-signal/sensor/PMIC long-tail,MOFU,Capability,Analog ASIC page (NEW)
8,2026-08-24,Q1 — Foundation,Choosing the Right Process Node for Your Analog/Mixed-Signal ASIC,All,Process,asic process nodes,ASIC design flow / vs FPGA / NRE,MOFU,Process,Design-flow / blog
9,2026-08-31,Q1 — Foundation,"How a Fabless, Fab-Agnostic Partner De-Risks Your ASIC",All,Capability,fabless asic partner,ASIC design flow / vs FPGA / NRE,MOFU,Capability,/turnkey-asics
10,2026-09-07,Q1 — Foundation,"Precision Data Converters: SAR, Sigma-Delta & Flash ADCs in an ASIC",Ind,Capability,data converter asic,mixed-signal/sensor/PMIC long-tail,MOFU,Capability,Data-converter page (NEW)
11,2026-09-14,Q1 — Foundation,The Volume Question: When a Custom ASIC Pays Off,All,Education,asic volume threshold,ASIC design flow / vs FPGA / NRE,MOFU,Education,Decision blog
12,2026-09-21,Q1 — Foundation,Protecting Your IP in Silicon: Custom ASIC vs. Reverse-Engineering,All,Education,protect ip with a custom asic,ASIC design flow / vs FPGA / NRE,MOFU,Education,Decision blog
13,2026-09-28,Q1 — Foundation,In-House Wafer Probe & Final Test: Why a Test Floor Matters,All,Process,asic production test,ASIC design flow / vs FPGA / NRE,MOFU,Process,Test capability page (NEW)
14,2026-10-05,Q2 — Verticals: Medical & Industrial,"Medical-Device ASIC Design: Ultra-Low Power, Long Battery Life",Med,Vertical,medical device asic design,ultra-low-power/implantable long-tail,MOFU,Vertical,Medical pillar (NEW)
15,2026-10-12,Q2 — Verticals: Medical & Industrial,Designing ASICs for Implantable & Wearable Medical Devices,Med,Vertical,implantable asic design,ultra-low-power/implantable long-tail,MOFU,Vertical,Medical pillar
16,2026-10-19,Q2 — Verticals: Medical & Industrial,Sensor-Interface ASICs: Turning Raw Signals Into Clean Data,Ind,Capability,sensor interface asic,mixed-signal/sensor/PMIC long-tail,MOFU,Capability,Sensor-interface page (NEW)
17,2026-10-26,Q2 — Verticals: Medical & Industrial,Ultra-Low-Power ASIC Design: Nanoamp & Energy-Harvesting Techniques,Med,Capability,ultra low power asic,ultra-low-power/implantable long-tail,MOFU,Capability,Low-power page (NEW)
18,2026-11-02,Q2 — Verticals: Medical & Industrial,"MEMS-Interface ASICs: Pressure, Inertial & Environmental Sensing",Ind,Capability,mems interface asic,mixed-signal/sensor/PMIC long-tail,MOFU,Capability,MEMS page (NEW)
19,2026-11-09,Q2 — Verticals: Medical & Industrial,"Industrial ASIC Design: Drivers, PMICs & Rugged Mixed-Signal",Ind,Vertical,industrial asic design,mixed-signal/sensor/PMIC long-tail,MOFU,Vertical,Industrial pillar (NEW)
20,2026-11-16,Q2 — Verticals: Medical & Industrial,ASICs for Smart Metering & Energy Systems,Ind,Vertical,metering asic,mixed-signal/sensor/PMIC long-tail,MOFU,Vertical,Industrial pillar
21,2026-11-23,Q2 — Verticals: Medical & Industrial,High-Voltage ASIC Design: Gate Drivers and Beyond,Ind,Capability,high-voltage asic design,mixed-signal/sensor/PMIC long-tail,MOFU,Capability,High-voltage page
22,2026-11-30,Q2 — Verticals: Medical & Industrial,Power-Management ASICs (PMIC): Custom vs. Catalog,Ind,Capability,power asic design,mixed-signal/sensor/PMIC long-tail,MOFU,Capability,Power ASIC page (NEW)
23,2026-12-07,Q2 — Verticals: Medical & Industrial,Biosensor & Diagnostic ASICs: Designing for Accuracy & Compliance,Med,Vertical,biosensor asic,ultra-low-power/implantable long-tail,MOFU,Vertical,Medical pillar
24,2026-12-14,Q2 — Verticals: Medical & Industrial,"Medical-Device Longevity: Supply, Quality & Traceability",Med,Vertical,long life medical ic supply,ultra-low-power/implantable long-tail,MOFU,Vertical,Medical pillar
25,2026-12-21,Q2 — Verticals: Medical & Industrial,From Sensor to System: Consolidating a Node Into One ASIC,Ind,Education,sensor node asic integration,mixed-signal/sensor/PMIC long-tail,MOFU,Education,Industrial pillar + blog
26,2026-12-28,Q2 — Verticals: Medical & Industrial,Application Story: Mixed-Signal Integration for an Industrial OEM,Ind,Case Study,mixed-signal asic case study,mixed-signal/sensor/PMIC long-tail,BOFU,Case Study,/asic-portfolio
27,2027-01-04,Q3 — A&D / Obsolescence / Ops,Aerospace & Defense ASIC Design: Reliability for 20-Year Programs,A&D,Vertical,aerospace asic design,hi-rel/rad-hard long-tail,MOFU,Vertical,A&D pillar (NEW)
28,2027-01-11,Q3 — A&D / Obsolescence / Ops,Radiation-Hardened ASIC Design: When and How,A&D,Capability,rad-hard asic design,hi-rel/rad-hard long-tail,MOFU,Capability,Rad-hard page (NEW)
29,2027-01-18,Q3 — A&D / Obsolescence / Ops,"Hi-Rel ASICs: Screening, Qualification & Trusted US Supply",A&D,Vertical,hi-rel asic,hi-rel/rad-hard long-tail,MOFU,Vertical,A&D pillar
30,2027-01-25,Q3 — A&D / Obsolescence / Ops,The Drop-In ASIC Replacement Playbook for Obsolete Parts,Obs,Obsolescence,obsolete ic replacement,DMSMS/last-time-buy long-tail,MOFU,Obsolescence,Obsolescence hub (expand existing)
31,2027-02-01,Q3 — A&D / Obsolescence / Ops,DMSMS & Last-Time-Buy: Engineering Out of an EOL Crisis,Obs,Obsolescence,dmsms ic replacement,DMSMS/last-time-buy long-tail,MOFU,Obsolescence,Obsolescence hub
32,2027-02-08,Q3 — A&D / Obsolescence / Ops,Form-Fit-Function: Recreating an Obsolete Part Without the Original Design,Obs,Obsolescence,form fit function ic replacement,DMSMS/last-time-buy long-tail,MOFU,Obsolescence,Obsolescence hub
33,2027-02-15,Q3 — A&D / Obsolescence / Ops,When the Original Chip Is Gone: From Sample to Compliant ASIC,Obs,Obsolescence,recreate obsolete ic,DMSMS/last-time-buy long-tail,MOFU,Obsolescence,Obsolescence hub
34,2027-02-22,Q3 — A&D / Obsolescence / Ops,"RF & Wireless ASIC Design: LNAs, Mixers, VCOs and PAs",Ind,Capability,rf asic design,mixed-signal/sensor/PMIC long-tail,MOFU,Capability,RF/wireless page
35,2027-03-01,Q3 — A&D / Obsolescence / Ops,ASIC Packaging Options: From Bare Die to Custom Packages,All,Process,asic packaging,ASIC design flow / vs FPGA / NRE,MOFU,Process,Packaging page (NEW)
36,2027-03-08,Q3 — A&D / Obsolescence / Ops,Production Test & Characterization: Guaranteeing Every Shipped Die,All,Process,asic characterization,ASIC design flow / vs FPGA / NRE,MOFU,Process,Test page
37,2027-03-15,Q3 — A&D / Obsolescence / Ops,Tape-Out Readiness: A Checklist Before You Commit to Masks,All,Process,asic tape-out checklist,ASIC design flow / vs FPGA / NRE,MOFU,Process,Design-flow / blog
38,2027-03-22,Q3 — A&D / Obsolescence / Ops,Prototype to Production: Scaling a Custom ASIC Program,All,Process,prototype asic,ASIC design flow / vs FPGA / NRE,MOFU,Process,/turnkey-asics
39,2027-03-29,Q3 — A&D / Obsolescence / Ops,Application Story: Keeping a Long-Lifecycle System Alive (Obsolescence),Obs,Case Study,obsolete part replacement case study,DMSMS/last-time-buy long-tail,BOFU,Case Study,/asic-portfolio
40,2027-04-05,Q4 — Authority & Refresh,Choosing a Custom ASIC Design Company: A Buyer’s Checklist,All,Education,custom asic design company,ASIC design flow / vs FPGA / NRE,MOFU,Education,Decision blog → Homepage
41,2027-04-12,Q4 — Authority & Refresh,ASIC Design Services Explained: What “Turnkey” Really Includes,All,Capability,asic design services,ASIC design flow / vs FPGA / NRE,MOFU,Capability,/turnkey-asics
42,2027-04-19,Q4 — Authority & Refresh,Analog IC Design Services: Specifying Performance That Survives Production,Ind,Capability,analog ic design services,mixed-signal/sensor/PMIC long-tail,MOFU,Capability,Analog ASIC page
43,2027-04-26,Q4 — Authority & Refresh,Energy Harvesting + Ultra-Low Power: Designing Battery-Free Devices,Med,Capability,energy harvesting asic,ultra-low-power/implantable long-tail,MOFU,Capability,Low-power page
44,2027-05-03,Q4 — Authority & Refresh,"EMI, Temperature & Ruggedization in Industrial ASICs",Ind,Vertical,rugged industrial asic,mixed-signal/sensor/PMIC long-tail,MOFU,Vertical,Industrial pillar
45,2027-05-10,Q4 — Authority & Refresh,Wearable Health Tech: ASIC Design for Continuous Monitoring,Med,Vertical,wearable health asic,ultra-low-power/implantable long-tail,MOFU,Vertical,Medical pillar
46,2027-05-17,Q4 — Authority & Refresh,The Hidden Cost of NOT Going Custom (Discrete & Catalog Parts),Ind,Education,asic vs discrete cost,mixed-signal/sensor/PMIC long-tail,MOFU,Education,Decision blog
47,2027-05-24,Q4 — Authority & Refresh,ASIC Design for Phased-Array & Downhole Applications,A&D,Vertical,phased array asic,hi-rel/rad-hard long-tail,MOFU,Vertical,A&D pillar
48,2027-05-31,Q4 — Authority & Refresh,Building a Multi-Year Supply Plan for Your Custom ASIC,All,Process,asic lifecycle support,ASIC design flow / vs FPGA / NRE,MOFU,Process,Lifecycle / Obsolescence page
49,2027-06-07,Q4 — Authority & Refresh,Glossary Deep-Dive: 20 ASIC Terms Every Hardware Buyer Should Know,All,Glossary,asic glossary,ASIC design flow / vs FPGA / NRE,TOFU,Glossary,/asic-solutions-glossary-of-terms
50,2027-06-14,Q4 — Authority & Refresh,Application Story: A Sensor-Interface ASIC From Sketch to Production,Med,Case Study,sensor asic case study,ultra-low-power/implantable long-tail,BOFU,Case Study,/asic-portfolio
51,2027-06-21,Q4 — Authority & Refresh,"Custom-Silicon Trends: Reshoring, AI, and the Sensor Boom",All,Thought,custom silicon trends,ASIC design flow / vs FPGA / NRE,TOFU,Thought,Blog (link-bait)
52,2027-06-28,Q4 — Authority & Refresh,The Complete Guide to Custom ASIC Development (Pillar Refresh),All,Pillar,custom asic design,ASIC design flow / vs FPGA / NRE,TOFU,Pillar,Homepage/pillar — link all clusters